customer_id,name,age,occupation,city,state,account_vintage_months,consent_tier,archetype,monthly_salary,total_6m_inflow,total_6m_outflow,mean_balance,min_balance,latest_balance,total_txns_count
CUST_IND_1042,Priya Sharma,26,Software Engineer,Bengaluru,Karnataka,28,2,UPWARD_EARNER,75000,360000.0,655196.66,-123823.87,-286352.39,-260196.7,214
CUST_IND_1088,Amit Patel,42,Small Merchant,Ahmedabad,Gujarat,45,1,STRESSED_EARNER,55000,330000.0,705792.31,-101246.14,-335792.31,-335792.31,204
CUST_IND_1015,Ramesh Kumar,34,IT Operations Manager,Pune,Maharashtra,24,1,STABLE_PROFESSIONAL,65000,390000.0,967814.41,-152216.08,-517814.39,-517814.39,196
CUST_IND_1002,Sunita Devi,38,Textile Artisan,Varanasi,Uttar Pradesh,18,0,VERNACULAR_USER,28000,168000.0,501912.51,-100101.95,-315912.49,-315912.49,137
CUST_IND_1100,Gaurav Sen,41,Logistics Supervisor,Lucknow,Uttar Pradesh,119,1,HIGH_NETWORTH,307000,1842000.0,6287842.04,-1429227.34,-3714701.04,-3714701.04,312
CUST_IND_1101,Ashok Joshi,40,Accountant,Delhi,Delhi,71,2,FAMILY_BUILDER,139000,834000.0,1413549.61,-154544.56,-468065.65,-468065.65,225
CUST_IND_1102,Pooja Yadav,47,Operations Executive,Hyderabad,Telangana,29,2,FAMILY_BUILDER,71000,426000.0,1220229.46,-190339.93,-739196.45,-739196.45,206
CUST_IND_1103,Suresh Saxena,26,Digital Marketer,Chandigarh,Punjab,5,2,YOUNG_EARNER,37000,222000.0,866842.44,-298321.96,-621505.35,-621505.35,222
CUST_IND_1104,Sachin Joshi,38,Software Engineer,Jaipur,Rajasthan,52,0,STABLE_PROFESSIONAL,103000,618000.0,987488.37,15297.81,-245476.36,-245476.36,181
CUST_IND_1105,Mohit Malhotra,35,Healthcare Worker,Pune,Maharashtra,18,1,STABLE_PROFESSIONAL,101000,606000.0,1202679.32,-149240.24,-522157.28,-522157.28,181
CUST_IND_1106,Rohan Dutta,27,Civil Engineer,Delhi,Delhi,12,0,YOUNG_EARNER,45000,270000.0,630980.5,-147666.99,-346463.54,-346463.54,220
CUST_IND_1107,Ashok Yadav,48,Operations Executive,Chandigarh,Punjab,24,2,FAMILY_BUILDER,106000,636000.0,1351622.39,-248158.99,-665960.38,-665960.38,206
CUST_IND_1108,Nikhil Ghosh,22,Sales Manager,Kochi,Kerala,10,1,YOUNG_EARNER,43000,258000.0,481605.64,-54219.84,-199681.66,-199681.66,231
CUST_IND_1109,Ananya Dutta,47,Operations Executive,Jaipur,Rajasthan,59,1,FAMILY_BUILDER,86000,516000.0,1226978.63,-216531.06,-596471.54,-596471.54,216
CUST_IND_1110,Rahul Mehta,41,Civil Engineer,Varanasi,Uttar Pradesh,49,1,FAMILY_BUILDER,112000,672000.0,1403190.73,-255638.96,-628351.71,-628351.71,227
CUST_IND_1111,Rajesh Malhotra,24,Accountant,Hyderabad,Telangana,3,0,YOUNG_EARNER,43000,258000.0,716892.95,-163542.36,-443676.99,-443676.99,230
CUST_IND_1112,Aarav Gupta,31,Digital Marketer,Coimbatore,Tamil Nadu,22,0,STABLE_PROFESSIONAL,57000,342000.0,754263.95,-136453.52,-362976.96,-362976.96,202
CUST_IND_1113,Rohan Chopra,38,Digital Marketer,Pune,Maharashtra,58,2,FAMILY_BUILDER,81000,486000.0,1346116.33,-301500.9,-750269.36,-750269.36,207
CUST_IND_1114,Sapna Iyer,31,Small Merchant,Hyderabad,Telangana,24,2,STABLE_PROFESSIONAL,61000,366000.0,597862.86,35002.04,-145424.79,-145424.79,188
CUST_IND_1115,Rahul Mishra,47,Logistics Supervisor,Ahmedabad,Gujarat,18,0,FINANCIALLY_STRESSED,33000,198000.0,547486.13,-172423.61,-340927.07,-340927.07,172
CUST_IND_1116,Anita Chopra,35,Accountant,Hyderabad,Telangana,26,2,STABLE_PROFESSIONAL,82000,492000.0,1107618.77,-142264.8,-514981.78,-514981.78,192
CUST_IND_1117,Harish Bose,40,Data Analyst,Varanasi,Uttar Pradesh,53,2,STABLE_PROFESSIONAL,61000,366000.0,683864.7,-6720.22,-207009.65,-207009.65,196
CUST_IND_1118,Vivek Bose,47,Operations Executive,Hyderabad,Telangana,54,2,FAMILY_BUILDER,92000,552000.0,1146356.87,-196219.89,-551671.94,-551671.94,200
CUST_IND_1119,Deepak Trivedi,42,Healthcare Worker,Bengaluru,Karnataka,47,1,STABLE_PROFESSIONAL,73000,438000.0,796557.11,-20002.06,-222809.09,-222809.09,170
CUST_IND_1120,Sanjay Kulkarni,38,Small Merchant,Coimbatore,Tamil Nadu,42,1,FAMILY_BUILDER,92000,552000.0,1225655.35,-131224.45,-562741.35,-562741.35,187
CUST_IND_1121,Vikram Reddy,33,Logistics Supervisor,Bengaluru,Karnataka,27,1,FAMILY_BUILDER,139000,834000.0,1545368.29,-190478.05,-606753.23,-606753.23,206
CUST_IND_1122,Deepak Verma,29,Data Analyst,Jaipur,Rajasthan,56,1,STABLE_PROFESSIONAL,59000,354000.0,828625.08,-108944.06,-403797.1,-403797.1,203
CUST_IND_1123,Pooja Malhotra,37,Bank Officer,Varanasi,Uttar Pradesh,56,1,STABLE_PROFESSIONAL,57000,342000.0,613153.51,-42684.86,-176205.48,-176205.48,192
CUST_IND_1124,Tarun Patel,43,Civil Engineer,Lucknow,Uttar Pradesh,62,1,HIGH_NETWORTH,260000,1560000.0,5836422.32,-1583924.32,-3611411.26,-3611411.26,324
CUST_IND_1125,Arjun Kulkarni,42,Sales Manager,Indore,Madhya Pradesh,72,2,FAMILY_BUILDER,74000,444000.0,922040.45,-106143.78,-361624.46,-361624.46,183
CUST_IND_1126,Sapna Malhotra,42,Civil Engineer,Mumbai,Maharashtra,28,1,FINANCIALLY_STRESSED,38000,228000.0,603789.29,-212688.22,-371662.32,-371662.32,174
CUST_IND_1127,Harish Yadav,26,Operations Executive,Pune,Maharashtra,12,2,YOUNG_EARNER,44000,264000.0,737545.95,-212597.61,-465289.96,-465289.96,235
CUST_IND_1128,Tarun Mukherjee,42,Sales Manager,Jaipur,Rajasthan,26,0,STABLE_PROFESSIONAL,71000,426000.0,1097230.23,-305362.53,-617201.29,-617201.29,202
CUST_IND_1129,Kiran Shah,41,Logistics Supervisor,Hyderabad,Telangana,117,1,HIGH_NETWORTH,247000,1482000.0,5162805.58,-1259198.44,-3167486.64,-3167486.64,321
CUST_IND_1130,Alok Gupta,36,Healthcare Worker,Indore,Madhya Pradesh,36,1,HIGH_NETWORTH,265000,1590000.0,6663042.35,-1731359.31,-4548362.3,-4548362.3,335
CUST_IND_1131,Deepak Chatterjee,36,Civil Engineer,Ahmedabad,Gujarat,18,2,STABLE_PROFESSIONAL,62000,372000.0,1031284.44,-187909.36,-528711.41,-528711.41,204
CUST_IND_1132,Ashok Reddy,36,School Teacher,Bengaluru,Karnataka,27,2,STABLE_PROFESSIONAL,82000,492000.0,717648.49,53103.92,-145244.53,-145244.53,172
CUST_IND_1133,Ajay Ghosh,38,Accountant,Chennai,Tamil Nadu,24,1,STABLE_PROFESSIONAL,77000,462000.0,1196896.09,-254558.34,-641632.14,-641632.14,190
CUST_IND_1134,Sneha Chatterjee,51,Accountant,Delhi,Delhi,23,1,FINANCIALLY_STRESSED,56000,336000.0,586564.77,-112969.48,-242122.81,-242122.81,183
CUST_IND_1135,Pradeep Das,32,Logistics Supervisor,Indore,Madhya Pradesh,28,1,STABLE_PROFESSIONAL,105000,630000.0,841810.47,61841.82,-121670.45,-121670.45,196
CUST_IND_1136,Ajay Bose,49,Accountant,Ahmedabad,Gujarat,80,1,HIGH_NETWORTH,258000,1548000.0,5588642.26,-1404465.9,-3551991.26,-3551991.26,312
CUST_IND_1137,Geeta Sharma,24,Accountant,Indore,Madhya Pradesh,11,2,YOUNG_EARNER,27000,162000.0,600633.66,-172065.76,-419127.66,-419127.66,233
CUST_IND_1138,Swati Nair,33,Digital Marketer,Kolkata,West Bengal,19,2,STABLE_PROFESSIONAL,62000,372000.0,878752.58,-184230.5,-432515.5,-432515.5,188
CUST_IND_1139,Deepika Patel,26,Software Engineer,Pune,Maharashtra,16,0,YOUNG_EARNER,36000,216000.0,474759.58,-72260.26,-240481.59,-240481.59,217
CUST_IND_1140,Rahul Shah,42,Data Analyst,Jaipur,Rajasthan,54,2,STABLE_PROFESSIONAL,67000,402000.0,1116775.07,-172214.21,-581874.06,-581874.06,203
CUST_IND_1141,Rahul Sharma,33,Civil Engineer,Jaipur,Rajasthan,45,1,STABLE_PROFESSIONAL,59000,354000.0,1134163.24,-239806.91,-696884.24,-696884.24,191
CUST_IND_1142,Sneha Singh,26,Data Analyst,Indore,Madhya Pradesh,12,1,YOUNG_EARNER,38000,228000.0,694916.21,-235540.37,-449228.18,-449228.18,232
CUST_IND_1143,Sanjay Bhatia,56,Healthcare Worker,Hyderabad,Telangana,58,2,HIGH_NETWORTH,337000,2022000.0,5439956.97,-1037839.03,-2742156.97,-2742156.97,283
CUST_IND_1144,Sanjay Mukherjee,38,Sales Manager,Bengaluru,Karnataka,51,1,FAMILY_BUILDER,139000,834000.0,1444198.83,-164466.23,-532961.81,-532961.81,210
CUST_IND_1145,Rekha Pandey,48,Digital Marketer,Ahmedabad,Gujarat,54,1,FAMILY_BUILDER,86000,516000.0,1330287.28,-223147.21,-742091.31,-742091.31,211
CUST_IND_1146,Rohan Kulkarni,22,Bank Officer,Indore,Madhya Pradesh,10,1,YOUNG_EARNER,34000,204000.0,579457.94,-126475.83,-360932.97,-360932.97,229
CUST_IND_1147,Ashok Sharma,37,Accountant,Bengaluru,Karnataka,22,2,STABLE_PROFESSIONAL,84000,504000.0,1169548.77,-153046.12,-543004.86,-543004.86,200
CUST_IND_1148,Sapna Mehta,50,Logistics Supervisor,Coimbatore,Tamil Nadu,87,2,HIGH_NETWORTH,242000,1452000.0,5238037.49,-1638640.97,-3530223.35,-3530223.35,308
CUST_IND_1149,Anita Dutta,40,Accountant,Kolkata,West Bengal,51,1,STABLE_PROFESSIONAL,84000,504000.0,1129841.68,-256004.31,-553179.73,-553179.73,177
CUST_IND_1150,Anjali Pandey,26,Small Merchant,Delhi,Delhi,13,2,YOUNG_EARNER,39000,234000.0,656790.98,-211216.72,-398250.93,-398250.93,228
CUST_IND_1151,Rahul Mukherjee,23,Civil Engineer,Varanasi,Uttar Pradesh,18,2,YOUNG_EARNER,39000,234000.0,488892.4,-111648.95,-242188.34,-238791.38,212
CUST_IND_1152,Suresh Joshi,38,Civil Engineer,Chandigarh,Punjab,33,2,STABLE_PROFESSIONAL,72000,432000.0,1158590.79,-285368.49,-593065.79,-593065.79,196
CUST_IND_1153,Kiran Chopra,34,School Teacher,Pune,Maharashtra,32,1,FAMILY_BUILDER,84000,504000.0,1012720.68,-167507.96,-453692.69,-453692.69,216
CUST_IND_1154,Vandana Mehta,24,Healthcare Worker,Mumbai,Maharashtra,17,2,YOUNG_EARNER,38000,228000.0,779960.29,-266706.32,-530193.29,-530193.29,215
CUST_IND_1155,Nisha Ghosh,44,Bank Officer,Chandigarh,Punjab,54,0,FAMILY_BUILDER,65000,390000.0,1103838.9,-300352.71,-639699.93,-639699.93,218
CUST_IND_1156,Vivek Trivedi,39,Healthcare Worker,Kochi,Kerala,52,2,STABLE_PROFESSIONAL,106000,636000.0,1039819.61,-46259.84,-334913.66,-334913.66,185
CUST_IND_1157,Rohit Chopra,22,Healthcare Worker,Pune,Maharashtra,15,2,YOUNG_EARNER,35000,210000.0,538917.19,-118579.48,-307669.25,-307669.25,212
CUST_IND_1158,Vikas Saxena,26,Small Merchant,Kochi,Kerala,3,1,YOUNG_EARNER,37000,222000.0,581769.32,-146821.73,-350881.34,-350881.34,210
CUST_IND_1159,Anil Deshmukh,23,Operations Executive,Kolkata,West Bengal,4,2,YOUNG_EARNER,33000,198000.0,505588.09,-156504.81,-292653.06,-292653.06,232
CUST_IND_1160,Rekha Singh,40,Healthcare Worker,Chennai,Tamil Nadu,44,1,STABLE_PROFESSIONAL,71000,426000.0,770765.4,-52983.76,-243121.38,-243121.38,185
CUST_IND_1161,Aditi Chatterjee,39,Software Engineer,Jaipur,Rajasthan,65,1,FAMILY_BUILDER,73000,438000.0,1237850.93,-229983.24,-759574.94,-759574.94,204
CUST_IND_1162,Vivek Sharma,45,Accountant,Hyderabad,Telangana,21,0,FINANCIALLY_STRESSED,45000,270000.0,485641.91,-79974.3,-201673.91,-201673.91,170
CUST_IND_1163,Anjali Patel,24,Small Merchant,Hyderabad,Telangana,8,1,YOUNG_EARNER,44000,264000.0,752501.92,-200315.14,-476748.89,-476748.89,227
CUST_IND_1164,Deepak Kapoor,41,Bank Officer,Mumbai,Maharashtra,60,0,FAMILY_BUILDER,113000,678000.0,1402248.23,-239757.38,-663253.2,-663253.2,200
CUST_IND_1165,Ananya Patel,29,Digital Marketer,Coimbatore,Tamil Nadu,37,1,STABLE_PROFESSIONAL,109000,654000.0,1094682.68,-12842.35,-295100.7,-295100.7,192
CUST_IND_1166,Anjali Das,52,Software Engineer,Lucknow,Uttar Pradesh,90,1,HIGH_NETWORTH,349000,2094000.0,7705439.6,-1917649.71,-4830901.55,-4830901.55,295
CUST_IND_1167,Swati Singh,22,Healthcare Worker,Bengaluru,Karnataka,16,2,YOUNG_EARNER,36000,216000.0,500588.67,-122908.05,-261524.72,-261524.72,213
CUST_IND_1168,Vandana Bhatia,27,Operations Executive,Kolkata,West Bengal,11,2,YOUNG_EARNER,44000,264000.0,813290.21,-213398.19,-525447.13,-525447.13,231
CUST_IND_1169,Rekha Mishra,34,Logistics Supervisor,Kochi,Kerala,32,2,FINANCIALLY_STRESSED,45000,270000.0,516042.13,-90490.2,-241623.13,-241623.13,157
CUST_IND_1170,Kavita Ghosh,44,Accountant,Ahmedabad,Gujarat,45,2,FAMILY_BUILDER,68000,408000.0,953641.78,-153000.25,-468041.81,-468041.81,213
CUST_IND_1171,Deepika Iyer,36,School Teacher,Hyderabad,Telangana,29,1,FINANCIALLY_STRESSED,47000,282000.0,534002.89,-93948.46,-240538.91,-240538.91,152
CUST_IND_1172,Divya Gupta,35,Logistics Supervisor,Hyderabad,Telangana,53,2,STABLE_PROFESSIONAL,103000,618000.0,909367.81,50607.57,-188965.79,-188965.79,183
CUST_IND_1173,Swati Banerjee,28,Small Merchant,Ahmedabad,Gujarat,30,0,FINANCIALLY_STRESSED,44000,264000.0,653767.11,-139734.85,-382781.08,-382781.08,171
CUST_IND_1174,Manish Kulkarni,36,School Teacher,Lucknow,Uttar Pradesh,51,2,STABLE_PROFESSIONAL,77000,462000.0,1067037.21,-107907.37,-467266.19,-467266.19,209
CUST_IND_1175,Sanjay Singh,40,Logistics Supervisor,Chennai,Tamil Nadu,43,2,FAMILY_BUILDER,97000,582000.0,1534625.87,-435689.13,-892383.91,-892383.91,223
CUST_IND_1176,Meera Malhotra,32,Civil Engineer,Coimbatore,Tamil Nadu,25,1,FINANCIALLY_STRESSED,60000,360000.0,427747.6,-20118.69,-55088.6,-55088.6,145
CUST_IND_1177,Vivek Nair,38,Sales Manager,Lucknow,Uttar Pradesh,42,0,FAMILY_BUILDER,94000,564000.0,1297444.9,-246688.9,-658826.92,-658826.92,206
CUST_IND_1178,Aarav Banerjee,28,Operations Executive,Jaipur,Rajasthan,21,1,STABLE_PROFESSIONAL,90000,540000.0,867077.38,-52772.49,-270526.31,-270526.31,196
CUST_IND_1179,Suresh Bose,41,Small Merchant,Chandigarh,Punjab,18,0,STABLE_PROFESSIONAL,91000,546000.0,1003985.8,-52691.99,-355239.8,-355239.8,207
CUST_IND_1180,Rajesh Singh,50,Software Engineer,Delhi,Delhi,50,1,HIGH_NETWORTH,196000,1176000.0,4812472.7,-1631707.41,-3308792.68,-3308792.68,262
CUST_IND_1181,Sapna Deshmukh,30,Software Engineer,Indore,Madhya Pradesh,48,1,FINANCIALLY_STRESSED,49000,294000.0,533572.18,-78892.29,-232506.24,-232506.24,170
CUST_IND_1182,Anjali Reddy,26,Healthcare Worker,Chandigarh,Punjab,10,2,YOUNG_EARNER,41000,246000.0,615053.77,-132947.44,-346546.77,-346546.77,236
CUST_IND_1183,Manish Bose,33,Healthcare Worker,Lucknow,Uttar Pradesh,63,1,FAMILY_BUILDER,77000,462000.0,1267153.91,-349027.3,-742918.9,-742918.9,209
CUST_IND_1184,Suresh Mehta,37,Digital Marketer,Pune,Maharashtra,39,0,FAMILY_BUILDER,87000,522000.0,1400661.43,-374084.7,-823144.42,-823144.42,217
CUST_IND_1185,Aarav Mishra,25,Logistics Supervisor,Ahmedabad,Gujarat,12,2,YOUNG_EARNER,26000,156000.0,714383.04,-238213.25,-541119.09,-541119.09,237
CUST_IND_1186,Varun Bose,40,Data Analyst,Ahmedabad,Gujarat,64,1,FAMILY_BUILDER,140000,840000.0,1809858.29,-322389.47,-908930.32,-908930.32,201
CUST_IND_1187,Rahul Malhotra,34,Accountant,Jaipur,Rajasthan,21,1,FINANCIALLY_STRESSED,34000,204000.0,368493.84,-63708.12,-156454.86,-156454.86,175
CUST_IND_1188,Shikha Chatterjee,25,Bank Officer,Kochi,Kerala,6,1,YOUNG_EARNER,39000,234000.0,659164.89,-100731.98,-403975.91,-403975.91,238
CUST_IND_1189,Kavita Nair,22,Small Merchant,Jaipur,Rajasthan,4,2,YOUNG_EARNER,38000,228000.0,521044.21,-99573.14,-276840.19,-276840.19,230
CUST_IND_1190,Aditi Gupta,37,Digital Marketer,Hyderabad,Telangana,19,2,STABLE_PROFESSIONAL,103000,618000.0,1231250.58,-164841.01,-537925.53,-537925.53,194
CUST_IND_1191,Sapna Verma,36,Operations Executive,Chandigarh,Punjab,59,2,STABLE_PROFESSIONAL,83000,498000.0,699250.66,7857.06,-137462.67,-137462.67,168
CUST_IND_1192,Shalini Mishra,35,Small Merchant,Indore,Madhya Pradesh,40,0,STABLE_PROFESSIONAL,81000,486000.0,952579.59,-48887.95,-338744.63,-338744.63,193
CUST_IND_1193,Anita Bose,27,School Teacher,Delhi,Delhi,18,2,YOUNG_EARNER,34000,204000.0,465245.51,-112989.79,-240123.51,-240123.51,213
CUST_IND_1194,Vivek Reddy,24,Small Merchant,Bengaluru,Karnataka,11,0,YOUNG_EARNER,35000,210000.0,609181.93,-174896.06,-377937.92,-377937.92,224
CUST_IND_1195,Rohan Mukherjee,49,Digital Marketer,Bengaluru,Karnataka,88,2,HIGH_NETWORTH,193000,1158000.0,4819399.65,-1018590.78,-3032046.62,-3032046.62,301
