customer_id,name,age,occupation,city,state,account_vintage_months,consent_tier,archetype,base_salary,promoted_salary,promotion_month,base_emi,initial_balance
CUST_IND_1042,Priya Sharma,26,Software Engineer,Bengaluru,Karnataka,28,2,UPWARD_EARNER,45000,75000,4,8000,35000
CUST_IND_1088,Amit Patel,42,Small Merchant,Ahmedabad,Gujarat,45,1,STRESSED_EARNER,55000,55000,99,24000,40000
CUST_IND_1015,Ramesh Kumar,34,IT Operations Manager,Pune,Maharashtra,24,1,STABLE_PROFESSIONAL,65000,65000,99,24700,60000
CUST_IND_1002,Sunita Devi,38,Textile Artisan,Varanasi,Uttar Pradesh,18,0,VERNACULAR_USER,28000,28000,99,3500,18000
CUST_IND_1100,Gaurav Sen,41,Logistics Supervisor,Lucknow,Uttar Pradesh,119,1,HIGH_NETWORTH,307000,307000,99,31139,731141
CUST_IND_1101,Ashok Joshi,40,Accountant,Delhi,Delhi,71,2,FAMILY_BUILDER,139000,139000,99,32760,111484
CUST_IND_1102,Pooja Yadav,47,Operations Executive,Hyderabad,Telangana,29,2,FAMILY_BUILDER,71000,71000,99,22877,55033
CUST_IND_1103,Suresh Saxena,26,Digital Marketer,Chandigarh,Punjab,5,2,YOUNG_EARNER,37000,37000,99,0,23337
CUST_IND_1104,Sachin Joshi,38,Software Engineer,Jaipur,Rajasthan,52,0,STABLE_PROFESSIONAL,103000,103000,99,25546,124012
CUST_IND_1105,Mohit Malhotra,35,Healthcare Worker,Pune,Maharashtra,18,1,STABLE_PROFESSIONAL,101000,101000,99,36123,74522
CUST_IND_1106,Rohan Dutta,27,Civil Engineer,Delhi,Delhi,12,0,YOUNG_EARNER,45000,45000,99,0,14517
CUST_IND_1107,Ashok Yadav,48,Operations Executive,Chandigarh,Punjab,24,2,FAMILY_BUILDER,106000,106000,99,26258,49662
CUST_IND_1108,Nikhil Ghosh,22,Sales Manager,Kochi,Kerala,10,1,YOUNG_EARNER,43000,43000,99,2350,23924
CUST_IND_1109,Ananya Dutta,47,Operations Executive,Jaipur,Rajasthan,59,1,FAMILY_BUILDER,86000,86000,99,17458,114507
CUST_IND_1110,Rahul Mehta,41,Civil Engineer,Varanasi,Uttar Pradesh,49,1,FAMILY_BUILDER,112000,112000,99,26613,102839
CUST_IND_1111,Rajesh Malhotra,24,Accountant,Hyderabad,Telangana,3,0,YOUNG_EARNER,43000,43000,99,0,15216
CUST_IND_1112,Aarav Gupta,31,Digital Marketer,Coimbatore,Tamil Nadu,22,0,STABLE_PROFESSIONAL,57000,57000,99,20219,49287
CUST_IND_1113,Rohan Chopra,38,Digital Marketer,Pune,Maharashtra,58,2,FAMILY_BUILDER,81000,81000,99,23868,109847
CUST_IND_1114,Sapna Iyer,31,Small Merchant,Hyderabad,Telangana,24,2,STABLE_PROFESSIONAL,61000,61000,99,19435,86438
CUST_IND_1115,Rahul Mishra,47,Logistics Supervisor,Ahmedabad,Gujarat,18,0,FINANCIALLY_STRESSED,33000,33000,99,18098,8559
CUST_IND_1116,Anita Chopra,35,Accountant,Hyderabad,Telangana,26,2,STABLE_PROFESSIONAL,82000,82000,99,19108,100637
CUST_IND_1117,Harish Bose,40,Data Analyst,Varanasi,Uttar Pradesh,53,2,STABLE_PROFESSIONAL,61000,61000,99,12755,110855
CUST_IND_1118,Vivek Bose,47,Operations Executive,Hyderabad,Telangana,54,2,FAMILY_BUILDER,92000,92000,99,29709,42685
CUST_IND_1119,Deepak Trivedi,42,Healthcare Worker,Bengaluru,Karnataka,47,1,STABLE_PROFESSIONAL,73000,73000,99,20158,135748
CUST_IND_1120,Sanjay Kulkarni,38,Small Merchant,Coimbatore,Tamil Nadu,42,1,FAMILY_BUILDER,92000,92000,99,31624,110914
CUST_IND_1121,Vikram Reddy,33,Logistics Supervisor,Bengaluru,Karnataka,27,1,FAMILY_BUILDER,139000,139000,99,34104,104615
CUST_IND_1122,Deepak Verma,29,Data Analyst,Jaipur,Rajasthan,56,1,STABLE_PROFESSIONAL,59000,59000,99,18970,70828
CUST_IND_1123,Pooja Malhotra,37,Bank Officer,Varanasi,Uttar Pradesh,56,1,STABLE_PROFESSIONAL,57000,57000,99,17754,94948
CUST_IND_1124,Tarun Patel,43,Civil Engineer,Lucknow,Uttar Pradesh,62,1,HIGH_NETWORTH,260000,260000,99,21067,665011
CUST_IND_1125,Arjun Kulkarni,42,Sales Manager,Indore,Madhya Pradesh,72,2,FAMILY_BUILDER,74000,74000,99,11237,116416
CUST_IND_1126,Sapna Malhotra,42,Civil Engineer,Mumbai,Maharashtra,28,1,FINANCIALLY_STRESSED,38000,38000,99,24268,4127
CUST_IND_1127,Harish Yadav,26,Operations Executive,Pune,Maharashtra,12,2,YOUNG_EARNER,44000,44000,99,4678,8256
CUST_IND_1128,Tarun Mukherjee,42,Sales Manager,Jaipur,Rajasthan,26,0,STABLE_PROFESSIONAL,71000,71000,99,15675,54029
CUST_IND_1129,Kiran Shah,41,Logistics Supervisor,Hyderabad,Telangana,117,1,HIGH_NETWORTH,247000,247000,99,28578,513319
CUST_IND_1130,Alok Gupta,36,Healthcare Worker,Indore,Madhya Pradesh,36,1,HIGH_NETWORTH,265000,265000,99,39815,524680
CUST_IND_1131,Deepak Chatterjee,36,Civil Engineer,Ahmedabad,Gujarat,18,2,STABLE_PROFESSIONAL,62000,62000,99,13239,130573
CUST_IND_1132,Ashok Reddy,36,School Teacher,Bengaluru,Karnataka,27,2,STABLE_PROFESSIONAL,82000,82000,99,18281,80404
CUST_IND_1133,Ajay Ghosh,38,Accountant,Chennai,Tamil Nadu,24,1,STABLE_PROFESSIONAL,77000,77000,99,26212,93264
CUST_IND_1134,Sneha Chatterjee,51,Accountant,Delhi,Delhi,23,1,FINANCIALLY_STRESSED,56000,56000,99,27115,8442
CUST_IND_1135,Pradeep Das,32,Logistics Supervisor,Indore,Madhya Pradesh,28,1,STABLE_PROFESSIONAL,105000,105000,99,34254,90140
CUST_IND_1136,Ajay Bose,49,Accountant,Ahmedabad,Gujarat,80,1,HIGH_NETWORTH,258000,258000,99,40420,488651
CUST_IND_1137,Geeta Sharma,24,Accountant,Indore,Madhya Pradesh,11,2,YOUNG_EARNER,27000,27000,99,3143,19506
CUST_IND_1138,Swati Nair,33,Digital Marketer,Kolkata,West Bengal,19,2,STABLE_PROFESSIONAL,62000,62000,99,22187,74237
CUST_IND_1139,Deepika Patel,26,Software Engineer,Pune,Maharashtra,16,0,YOUNG_EARNER,36000,36000,99,0,18278
CUST_IND_1140,Rahul Shah,42,Data Analyst,Jaipur,Rajasthan,54,2,STABLE_PROFESSIONAL,67000,67000,99,16471,132901
CUST_IND_1141,Rahul Sharma,33,Civil Engineer,Jaipur,Rajasthan,45,1,STABLE_PROFESSIONAL,59000,59000,99,21877,83279
CUST_IND_1142,Sneha Singh,26,Data Analyst,Indore,Madhya Pradesh,12,1,YOUNG_EARNER,38000,38000,99,0,17688
CUST_IND_1143,Sanjay Bhatia,56,Healthcare Worker,Hyderabad,Telangana,58,2,HIGH_NETWORTH,337000,337000,99,41782,675800
CUST_IND_1144,Sanjay Mukherjee,38,Sales Manager,Bengaluru,Karnataka,51,1,FAMILY_BUILDER,139000,139000,99,37715,77237
CUST_IND_1145,Rekha Pandey,48,Digital Marketer,Ahmedabad,Gujarat,54,1,FAMILY_BUILDER,86000,86000,99,24232,72196
CUST_IND_1146,Rohan Kulkarni,22,Bank Officer,Indore,Madhya Pradesh,10,1,YOUNG_EARNER,34000,34000,99,0,14525
CUST_IND_1147,Ashok Sharma,37,Accountant,Bengaluru,Karnataka,22,2,STABLE_PROFESSIONAL,84000,84000,99,23066,122544
CUST_IND_1148,Sapna Mehta,50,Logistics Supervisor,Coimbatore,Tamil Nadu,87,2,HIGH_NETWORTH,242000,242000,99,16742,255814
CUST_IND_1149,Anita Dutta,40,Accountant,Kolkata,West Bengal,51,1,STABLE_PROFESSIONAL,84000,84000,99,17559,72662
CUST_IND_1150,Anjali Pandey,26,Small Merchant,Delhi,Delhi,13,2,YOUNG_EARNER,39000,39000,99,0,24540
CUST_IND_1151,Rahul Mukherjee,23,Civil Engineer,Varanasi,Uttar Pradesh,18,2,YOUNG_EARNER,39000,39000,99,0,16101
CUST_IND_1152,Suresh Joshi,38,Civil Engineer,Chandigarh,Punjab,33,2,STABLE_PROFESSIONAL,72000,72000,99,20100,133525
CUST_IND_1153,Kiran Chopra,34,School Teacher,Pune,Maharashtra,32,1,FAMILY_BUILDER,84000,84000,99,16485,55028
CUST_IND_1154,Vandana Mehta,24,Healthcare Worker,Mumbai,Maharashtra,17,2,YOUNG_EARNER,38000,38000,99,0,21767
CUST_IND_1155,Nisha Ghosh,44,Bank Officer,Chandigarh,Punjab,54,0,FAMILY_BUILDER,65000,65000,99,22005,74139
CUST_IND_1156,Vivek Trivedi,39,Healthcare Worker,Kochi,Kerala,52,2,STABLE_PROFESSIONAL,106000,106000,99,32710,68906
CUST_IND_1157,Rohit Chopra,22,Healthcare Worker,Pune,Maharashtra,15,2,YOUNG_EARNER,35000,35000,99,0,21248
CUST_IND_1158,Vikas Saxena,26,Small Merchant,Kochi,Kerala,3,1,YOUNG_EARNER,37000,37000,99,0,8888
CUST_IND_1159,Anil Deshmukh,23,Operations Executive,Kolkata,West Bengal,4,2,YOUNG_EARNER,33000,33000,99,0,14935
CUST_IND_1160,Rekha Singh,40,Healthcare Worker,Chennai,Tamil Nadu,44,1,STABLE_PROFESSIONAL,71000,71000,99,24870,101644
CUST_IND_1161,Aditi Chatterjee,39,Software Engineer,Jaipur,Rajasthan,65,1,FAMILY_BUILDER,73000,73000,99,22356,40276
CUST_IND_1162,Vivek Sharma,45,Accountant,Hyderabad,Telangana,21,0,FINANCIALLY_STRESSED,45000,45000,99,22565,13968
CUST_IND_1163,Anjali Patel,24,Small Merchant,Hyderabad,Telangana,8,1,YOUNG_EARNER,44000,44000,99,0,11753
CUST_IND_1164,Deepak Kapoor,41,Bank Officer,Mumbai,Maharashtra,60,0,FAMILY_BUILDER,113000,113000,99,25914,60995
CUST_IND_1165,Ananya Patel,29,Digital Marketer,Coimbatore,Tamil Nadu,37,1,STABLE_PROFESSIONAL,109000,109000,99,35225,145582
CUST_IND_1166,Anjali Das,52,Software Engineer,Lucknow,Uttar Pradesh,90,1,HIGH_NETWORTH,349000,349000,99,34262,780538
CUST_IND_1167,Swati Singh,22,Healthcare Worker,Bengaluru,Karnataka,16,2,YOUNG_EARNER,36000,36000,99,0,23064
CUST_IND_1168,Vandana Bhatia,27,Operations Executive,Kolkata,West Bengal,11,2,YOUNG_EARNER,44000,44000,99,4204,23843
CUST_IND_1169,Rekha Mishra,34,Logistics Supervisor,Kochi,Kerala,32,2,FINANCIALLY_STRESSED,45000,45000,99,27955,4419
CUST_IND_1170,Kavita Ghosh,44,Accountant,Ahmedabad,Gujarat,45,2,FAMILY_BUILDER,68000,68000,99,16922,77600
CUST_IND_1171,Deepika Iyer,36,School Teacher,Hyderabad,Telangana,29,1,FINANCIALLY_STRESSED,47000,47000,99,27000,11464
CUST_IND_1172,Divya Gupta,35,Logistics Supervisor,Hyderabad,Telangana,53,2,STABLE_PROFESSIONAL,103000,103000,99,25055,102402
CUST_IND_1173,Swati Banerjee,28,Small Merchant,Ahmedabad,Gujarat,30,0,FINANCIALLY_STRESSED,44000,44000,99,24144,6986
CUST_IND_1174,Manish Kulkarni,36,School Teacher,Lucknow,Uttar Pradesh,51,2,STABLE_PROFESSIONAL,77000,77000,99,21297,137771
CUST_IND_1175,Sanjay Singh,40,Logistics Supervisor,Chennai,Tamil Nadu,43,2,FAMILY_BUILDER,97000,97000,99,19022,60242
CUST_IND_1176,Meera Malhotra,32,Civil Engineer,Coimbatore,Tamil Nadu,25,1,FINANCIALLY_STRESSED,60000,60000,99,31620,12659
CUST_IND_1177,Vivek Nair,38,Sales Manager,Lucknow,Uttar Pradesh,42,0,FAMILY_BUILDER,94000,94000,99,20884,74618
CUST_IND_1178,Aarav Banerjee,28,Operations Executive,Jaipur,Rajasthan,21,1,STABLE_PROFESSIONAL,90000,90000,99,22732,56551
CUST_IND_1179,Suresh Bose,41,Small Merchant,Chandigarh,Punjab,18,0,STABLE_PROFESSIONAL,91000,91000,99,22857,102746
CUST_IND_1180,Rajesh Singh,50,Software Engineer,Delhi,Delhi,50,1,HIGH_NETWORTH,196000,196000,99,20010,327680
CUST_IND_1181,Sapna Deshmukh,30,Software Engineer,Indore,Madhya Pradesh,48,1,FINANCIALLY_STRESSED,49000,49000,99,24229,7066
CUST_IND_1182,Anjali Reddy,26,Healthcare Worker,Chandigarh,Punjab,10,2,YOUNG_EARNER,41000,41000,99,0,22507
CUST_IND_1183,Manish Bose,33,Healthcare Worker,Lucknow,Uttar Pradesh,63,1,FAMILY_BUILDER,77000,77000,99,26142,62235
CUST_IND_1184,Suresh Mehta,37,Digital Marketer,Pune,Maharashtra,39,0,FAMILY_BUILDER,87000,87000,99,22654,55517
CUST_IND_1185,Aarav Mishra,25,Logistics Supervisor,Ahmedabad,Gujarat,12,2,YOUNG_EARNER,26000,26000,99,0,17264
CUST_IND_1186,Varun Bose,40,Data Analyst,Ahmedabad,Gujarat,64,1,FAMILY_BUILDER,140000,140000,99,39513,60928
CUST_IND_1187,Rahul Malhotra,34,Accountant,Jaipur,Rajasthan,21,1,FINANCIALLY_STRESSED,34000,34000,99,16664,8039
CUST_IND_1188,Shikha Chatterjee,25,Bank Officer,Kochi,Kerala,6,1,YOUNG_EARNER,39000,39000,99,0,21189
CUST_IND_1189,Kavita Nair,22,Small Merchant,Jaipur,Rajasthan,4,2,YOUNG_EARNER,38000,38000,99,0,16204
CUST_IND_1190,Aditi Gupta,37,Digital Marketer,Hyderabad,Telangana,19,2,STABLE_PROFESSIONAL,103000,103000,99,33064,75325
CUST_IND_1191,Sapna Verma,36,Operations Executive,Chandigarh,Punjab,59,2,STABLE_PROFESSIONAL,83000,83000,99,30286,63788
CUST_IND_1192,Shalini Mishra,35,Small Merchant,Indore,Madhya Pradesh,40,0,STABLE_PROFESSIONAL,81000,81000,99,21059,127835
CUST_IND_1193,Anita Bose,27,School Teacher,Delhi,Delhi,18,2,YOUNG_EARNER,34000,34000,99,0,21122
CUST_IND_1194,Vivek Reddy,24,Small Merchant,Bengaluru,Karnataka,11,0,YOUNG_EARNER,35000,35000,99,0,21244
CUST_IND_1195,Rohan Mukherjee,49,Digital Marketer,Bengaluru,Karnataka,88,2,HIGH_NETWORTH,193000,193000,99,14356,629353
